{"cameraMode":{"drawMode":0,"name":"Shaded","section":"Shading Mode"},"sceneLighting":false,"audioPlay":false,"sceneViewState":{"showFog":true,"showMaterialUpdate":false,"showSkybox":true,"showFlares":true,"showImageEffects":true,"showParticleSystems":true},"in2DMode":false,"pivot":{"x":75.0,"y":9.302783966064454,"z":71.0999984741211},"rotation":{"x":-0.40529417991638186,"y":0.006030414719134569,"z":-0.002673861337825656,"w":-0.9141625761985779},"size":33.05196762084961,"orthographic":false}