{"cameraMode":{"drawMode":0,"name":"Shaded","section":"Shading Mode"},"sceneLighting":false,"audioPlay":false,"sceneViewState":{"showFog":true,"showMaterialUpdate":false,"showSkybox":true,"showFlares":true,"showImageEffects":true,"showParticleSystems":true},"in2DMode":false,"pivot":{"x":8.6899995803833,"y":1.3201885223388672,"z":-12.670000076293946},"rotation":{"x":-0.40529417991638186,"y":0.006030414719134569,"z":-0.002673861337825656,"w":-0.9141625761985779},"size":5.168254375457764,"orthographic":false}