{"cameraMode":{"drawMode":0,"name":"Shaded","section":"Shading Mode"},"sceneLighting":false,"audioPlay":false,"sceneViewState":{"showFog":true,"showMaterialUpdate":false,"showSkybox":true,"showFlares":true,"showImageEffects":true,"showParticleSystems":true},"in2DMode":false,"pivot":{"x":3.1381595134735109,"y":4.811213493347168,"z":26.938316345214845},"rotation":{"x":-0.3226259648799896,"y":-0.642973005771637,"z":0.34362542629241946,"w":-0.6036844849586487},"size":28.586027145385743,"orthographic":false}