{"cameraMode":{"drawMode":0,"name":"Shaded","section":"Shading Mode"},"sceneLighting":false,"audioPlay":false,"sceneViewState":{"showFog":true,"showMaterialUpdate":false,"showSkybox":true,"showFlares":true,"showImageEffects":true,"showParticleSystems":true},"in2DMode":false,"pivot":{"x":11.868261337280274,"y":5.303098678588867,"z":31.79869842529297},"rotation":{"x":-0.3226259648799896,"y":-0.642973005771637,"z":0.34362542629241946,"w":-0.6036844849586487},"size":28.389278411865236,"orthographic":false}