{"cameraMode":{"drawMode":0,"name":"Shaded","section":"Shading Mode"},"sceneLighting":false,"audioPlay":false,"sceneViewState":{"showFog":true,"showMaterialUpdate":false,"showSkybox":true,"showFlares":true,"showImageEffects":true,"showParticleSystems":true},"in2DMode":false,"pivot":{"x":71.1245346069336,"y":4.8826494216918949,"z":64.01062774658203},"rotation":{"x":-0.40529417991638186,"y":0.006030414719134569,"z":-0.002673861337825656,"w":-0.9141625761985779},"size":33.60653305053711,"orthographic":false}