{"cameraMode":{"drawMode":0,"name":"Shaded","section":"Shading Mode"},"sceneLighting":false,"audioPlay":false,"sceneViewState":{"showFog":true,"showMaterialUpdate":false,"showSkybox":true,"showFlares":true,"showImageEffects":true,"showParticleSystems":true},"in2DMode":false,"pivot":{"x":83.0,"y":7.458233833312988,"z":31.75296401977539},"rotation":{"x":-0.40529417991638186,"y":0.006030414719134569,"z":-0.002673861337825656,"w":-0.9141625761985779},"size":29.573339462280275,"orthographic":false}