{"cameraMode":{"drawMode":0,"name":"Shaded","section":"Shading Mode"},"sceneLighting":false,"audioPlay":false,"sceneViewState":{"showFog":true,"showMaterialUpdate":false,"showSkybox":true,"showFlares":true,"showImageEffects":true,"showParticleSystems":true},"in2DMode":false,"pivot":{"x":9.583134651184082,"y":2.4297142028808595,"z":-11.362666130065918},"rotation":{"x":-0.40529417991638186,"y":0.006030414719134569,"z":-0.002673861337825656,"w":-0.9141625761985779},"size":0.5715780258178711,"orthographic":false}