{"cameraMode":{"drawMode":0,"name":"Shaded","section":"Shading Mode"},"sceneLighting":false,"audioPlay":false,"sceneViewState":{"showFog":true,"showMaterialUpdate":false,"showSkybox":true,"showFlares":true,"showImageEffects":true,"showParticleSystems":true},"in2DMode":false,"pivot":{"x":4.710273742675781,"y":4.730790138244629,"z":55.45527648925781},"rotation":{"x":-0.3226259648799896,"y":-0.642973005771637,"z":0.34362542629241946,"w":-0.6036844849586487},"size":28.108190536499025,"orthographic":false}