{"cameraMode":{"drawMode":0,"name":"Shaded","section":"Shading Mode"},"sceneLighting":false,"audioPlay":false,"sceneViewState":{"showFog":true,"showMaterialUpdate":false,"showSkybox":true,"showFlares":true,"showImageEffects":true,"showParticleSystems":true},"in2DMode":false,"pivot":{"x":3.9012060165405275,"y":4.801753997802734,"z":35.05678176879883},"rotation":{"x":-0.3226259648799896,"y":-0.642973005771637,"z":0.34362542629241946,"w":-0.6036844849586487},"size":28.529815673828126,"orthographic":false}